[{"model": "product.product", "pk": 1, "fields": {"category": 19, "price": "24999.00", "count": 50, "date": "2023-08-05T11:20:36.134Z", "title": "Планшет Honor Pad 8 6/128GB W-Fi Blue (HEY-W09)", "fullDescription": "Встроенная память используется для хранения приложений (программ) и информации.Часть системной памяти, от которой зависят скорость выполнения всех операций и быстродействие девайса в целом.Влияет на производительность процессора и возможность одновременной обработки нескольких потоков данных.Тактовая частота процессора – количество тактов (операций), которые процессор может совершить за единицу времени. Чем больше тактовая частота, тем выше быстродействие процессора. Это один из важных параметров, влияющих на производительность.", "freeDelivery": false, "limited": false, "banner": false, "available": true, "brand": 1, "seller": 17, "attributes": {"Размер экрана": "12", "Разрешение экрана": "1200x2000", "Объем встроенной памяти": "128 ГБ"}, "tags": ["honor", "planshet"]}}, {"model": "product.product", "pk": 2, "fields": {"category": 19, "price": "16999.00", "count": 50, "date": "2023-08-05T11:20:36.611Z", "title": "Планшет HUAWEI MatePad SE (AGS5-L09) 4/64Gb LTE Black", "fullDescription": "Встроенная память используется для хранения приложений (программ) и информации.Часть системной памяти, от которой зависят скорость выполнения всех операций и быстродействие девайса в целом.Влияет на производительность процессора и возможность одновременной обработки нескольких потоков данных.Тактовая частота процессора – количество тактов (операций), которые процессор может совершить за единицу времени. Чем больше тактовая частота, тем выше быстродействие процессора. Это один из важных параметров, влияющих на производительность.", "freeDelivery": false, "limited": false, "banner": true, "available": true, "brand": 2, "seller": 1, "attributes": {"Размер экрана": "10.36", "Разрешение экрана": "1200x2000", "Объем встроенной памяти": "64 ГБ"}, "tags": ["huawei", "planshet"]}}, {"model": "product.product", "pk": 3, "fields": {"category": 19, "price": "31299.00", "count": 50, "date": "2023-08-05T11:20:37.820Z", "title": "Планшет Apple iPad 10.2 Wi-Fi 64GB Silver (MK2L3)", "fullDescription": "Встроенная память используется для хранения приложений (программ) и информации.Процессоры каждого производителя объединяются в линейки по своему типу. Тип процессора указывает на его основное назначение: для домашнего компьютера, рабочего или игрового.Технология беспроводной локальной сети. Используется для выхода в интернет.\nВ настоящее время развивается целое семейство стандартов передачи цифровых потоков данных по радиоканалам.", "freeDelivery": false, "limited": false, "banner": true, "available": true, "brand": 3, "seller": 17, "attributes": {"Размер экрана": "10.2", "Разрешение экрана": "1620x2160", "Объем встроенной памяти": "64 ГБ"}, "tags": ["apple", "planshet"]}}, {"model": "product.product", "pk": 4, "fields": {"category": 19, "price": "31299.00", "count": 50, "date": "2023-08-05T11:20:38.302Z", "title": "Планшет Apple iPad 10.2 Wi-Fi 64GB Space Grey (MK2K3)", "fullDescription": "Встроенная память используется для хранения приложений (программ) и информации.Процессоры каждого производителя объединяются в линейки по своему типу. Тип процессора указывает на его основное назначение: для домашнего компьютера, рабочего или игрового.Технология беспроводной локальной сети. Используется для выхода в интернет.\nВ настоящее время развивается целое семейство стандартов передачи цифровых потоков данных по радиоканалам.", "freeDelivery": false, "limited": false, "banner": true, "available": true, "brand": 3, "seller": 17, "attributes": {"Размер экрана": "10.2", "Разрешение экрана": "1620x2160", "Объем встроенной памяти": "64 ГБ"}, "tags": ["apple", "planshet"]}}, {"model": "product.product", "pk": 5, "fields": {"category": 19, "price": "16899.00", "count": 50, "date": "2023-08-05T11:20:38.544Z", "title": "Планшет HUAWEI MatePad SE (AGS5-W09) 4/64Gb WiFi Black", "fullDescription": "Встроенная память используется для хранения приложений (программ) и информации.Часть системной памяти, от которой зависят скорость выполнения всех операций и быстродействие девайса в целом.Влияет на производительность процессора и возможность одновременной обработки нескольких потоков данных.Тактовая частота процессора – количество тактов (операций), которые процессор может совершить за единицу времени. Чем больше тактовая частота, тем выше быстродействие процессора. Это один из важных параметров, влияющих на производительность.", "freeDelivery": false, "limited": false, "banner": false, "available": true, "brand": 2, "seller": 6, "attributes": {"Размер экрана": "10.36", "Разрешение экрана": "1200x2000", "Объем встроенной памяти": "64 ГБ"}, "tags": ["huawei", "planshet"]}}, {"model": "product.product", "pk": 6, "fields": {"category": 19, "price": "22999.00", "count": 50, "date": "2023-08-05T11:20:38.771Z", "title": "Планшет realme Pad RMP2103 4/64 ГБ Golden", "fullDescription": "Встроенная память используется для хранения приложений (программ) и информации.Часть системной памяти, от которой зависят скорость выполнения всех операций и быстродействие девайса в целом.Влияет на производительность процессора и возможность одновременной обработки нескольких потоков данных.Тактовая частота процессора – количество тактов (операций), которые процессор может совершить за единицу времени. Чем больше тактовая частота, тем выше быстродействие процессора. Это один из важных параметров, влияющих на производительность.", "freeDelivery": false, "limited": false, "banner": false, "available": true, "brand": 4, "seller": 8, "attributes": {"Размер экрана": "10.4", "Разрешение экрана": "2000x1200", "Объем встроенной памяти": "64 ГБ"}, "tags": ["planshet", "realme"]}}, {"model": "product.product", "pk": 7, "fields": {"category": 19, "price": "27999.00", "count": 50, "date": "2023-08-05T11:20:38.956Z", "title": "Планшет HUAWEI MatePad 10.4 4/128GB WI-FI Matte Grey (BAH4-W09) + чехол-клавиатура", "fullDescription": "Встроенная память используется для хранения приложений (программ) и информации.Часть системной памяти, от которой зависят скорость выполнения всех операций и быстродействие девайса в целом.Влияет на производительность процессора и возможность одновременной обработки нескольких потоков данных.Тактовая частота процессора – количество тактов (операций), которые процессор может совершить за единицу времени. Чем больше тактовая частота, тем выше быстродействие процессора. Это один из важных параметров, влияющих на производительность.", "freeDelivery": false, "limited": false, "banner": false, "available": true, "brand": 2, "seller": 12, "attributes": {"Размер экрана": "10.4", "Разрешение экрана": "1200x2000", "Объем встроенной памяти": "128 ГБ"}, "tags": ["huawei", "planshet"]}}, {"model": "product.product", "pk": 8, "fields": {"category": 19, "price": "13399.00", "count": 50, "date": "2023-08-05T11:20:39.186Z", "title": "Планшет Samsung Galaxy Tab A 8.0 LTE 32Gb Black (SM-T295)", "fullDescription": "Встроенная память используется для хранения приложений (программ) и информации.Часть системной памяти, от которой зависят скорость выполнения всех операций и быстродействие девайса в целом.Влияет на производительность процессора и возможность одновременной обработки нескольких потоков данных.Тактовая частота процессора – количество тактов (операций), которые процессор может совершить за единицу времени. Чем больше тактовая частота, тем выше быстродействие процессора. Это один из важных параметров, влияющих на производительность.", "freeDelivery": false, "limited": false, "banner": true, "available": true, "brand": 5, "seller": 2, "attributes": {"Размер экрана": "8", "Разрешение экрана": "1280x800", "Объем встроенной памяти": "32 ГБ"}, "tags": ["planshet", "samsung"]}}, {"model": "product.product", "pk": 9, "fields": {"category": 19, "price": "11999.00", "count": 50, "date": "2023-08-05T11:20:39.388Z", "title": "Планшет Samsung Galaxy Tab A7 Lite Wi-Fi 32GB Gray (SM-T220)", "fullDescription": "Встроенная память используется для хранения приложений (программ) и информации.Часть системной памяти, от которой зависят скорость выполнения всех операций и быстродействие девайса в целом.Влияет на производительность процессора и возможность одновременной обработки нескольких потоков данных.Тактовая частота процессора – количество тактов (операций), которые процессор может совершить за единицу времени. Чем больше тактовая частота, тем выше быстродействие процессора. Это один из важных параметров, влияющих на производительность.", "freeDelivery": false, "limited": false, "banner": true, "available": true, "brand": 5, "seller": 20, "attributes": {"Размер экрана": "8.7", "Разрешение экрана": "1340x800", "Объем встроенной памяти": "32 ГБ"}, "tags": ["planshet", "samsung"]}}, {"model": "product.product", "pk": 10, "fields": {"category": 19, "price": "22999.00", "count": 50, "date": "2023-08-05T11:20:39.624Z", "title": "Планшет HUAWEI MatePad 10.4 4/128GB LTE Grey (BAH4-L09)", "fullDescription": "Встроенная память используется для хранения приложений (программ) и информации.Часть системной памяти, от которой зависят скорость выполнения всех операций и быстродействие девайса в целом.Влияет на производительность процессора и возможность одновременной обработки нескольких потоков данных.Тактовая частота процессора – количество тактов (операций), которые процессор может совершить за единицу времени. Чем больше тактовая частота, тем выше быстродействие процессора. Это один из важных параметров, влияющих на производительность.", "freeDelivery": false, "limited": false, "banner": true, "available": true, "brand": 2, "seller": 5, "attributes": {"Размер экрана": "10.4", "Разрешение экрана": "1200x2000", "Объем встроенной памяти": "128 ГБ"}, "tags": ["huawei", "planshet"]}}, {"model": "product.product", "pk": 11, "fields": {"category": 19, "price": "35499.00", "count": 50, "date": "2023-08-05T11:20:39.880Z", "title": "Планшет HUAWEI MatePad 11 6+128GB Wi-Fi Grey (DBY-W09)", "fullDescription": "Встроенная память используется для хранения приложений (программ) и информации.Часть системной памяти, от которой зависят скорость выполнения всех операций и быстродействие девайса в целом.Влияет на производительность процессора и возможность одновременной обработки нескольких потоков данных.Тактовая частота процессора – количество тактов (операций), которые процессор может совершить за единицу времени. Чем больше тактовая частота, тем выше быстродействие процессора. Это один из важных параметров, влияющих на производительность.", "freeDelivery": false, "limited": false, "banner": false, "available": true, "brand": 2, "seller": 20, "attributes": {"Размер экрана": "10.95", "Разрешение экрана": "1600x2560", "Объем встроенной памяти": "128 ГБ"}, "tags": ["huawei", "planshet"]}}, {"model": "product.product", "pk": 12, "fields": {"category": 19, "price": "11999.00", "count": 50, "date": "2023-08-05T11:20:40.096Z", "title": "Планшет HUAWEI MatePad T8 3+32GB LTE Blue (KOB2-L09)", "fullDescription": "Встроенная память используется для хранения приложений (программ) и информации.Часть системной памяти, от которой зависят скорость выполнения всех операций и быстродействие девайса в целом.Влияет на производительность процессора и возможность одновременной обработки нескольких потоков данных.Тактовая частота процессора – количество тактов (операций), которые процессор может совершить за единицу времени. Чем больше тактовая частота, тем выше быстродействие процессора. Это один из важных параметров, влияющих на производительность.", "freeDelivery": false, "limited": false, "banner": true, "available": true, "brand": 2, "seller": 6, "attributes": {"Размер экрана": "8", "Разрешение экрана": "1280x800", "Объем встроенной памяти": "32 ГБ"}, "tags": ["huawei", "planshet"]}}, {"model": "product.product", "pk": 13, "fields": {"category": 19, "price": "13999.00", "count": 50, "date": "2023-08-05T11:20:40.276Z", "title": "Планшет Samsung Galaxy Tab A7 Lite LTE 32GB Silver (SM-T225N)", "fullDescription": "Встроенная память используется для хранения приложений (программ) и информации.Часть системной памяти, от которой зависят скорость выполнения всех операций и быстродействие девайса в целом.Влияет на производительность процессора и возможность одновременной обработки нескольких потоков данных.Тактовая частота процессора – количество тактов (операций), которые процессор может совершить за единицу времени. Чем больше тактовая частота, тем выше быстродействие процессора. Это один из важных параметров, влияющих на производительность.", "freeDelivery": false, "limited": false, "banner": true, "available": true, "brand": 5, "seller": 15, "attributes": {"Размер экрана": "8.7", "Разрешение экрана": "1340x800", "Объем встроенной памяти": "32 ГБ"}, "tags": ["planshet", "samsung"]}}, {"model": "product.product", "pk": 14, "fields": {"category": 19, "price": "21999.00", "count": 50, "date": "2023-08-05T11:20:40.493Z", "title": "Планшет HUAWEI MatePad 10.4 6/64GB LTE Grey (BAH4-L09)", "fullDescription": "Встроенная память используется для хранения приложений (программ) и информации.Часть системной памяти, от которой зависят скорость выполнения всех операций и быстродействие девайса в целом.Влияет на производительность процессора и возможность одновременной обработки нескольких потоков данных.Тактовая частота процессора – количество тактов (операций), которые процессор может совершить за единицу времени. Чем больше тактовая частота, тем выше быстродействие процессора. Это один из важных параметров, влияющих на производительность.", "freeDelivery": false, "limited": false, "banner": false, "available": true, "brand": 2, "seller": 15, "attributes": {"Размер экрана": "10.4", "Разрешение экрана": "1200x2000", "Объем встроенной памяти": "64 ГБ"}, "tags": ["huawei", "planshet"]}}, {"model": "product.product", "pk": 15, "fields": {"category": 19, "price": "12999.00", "count": 50, "date": "2023-08-05T11:20:40.658Z", "title": "Планшет Samsung Galaxy Tab A7 Lite LTE 3/32Gb Gray (SM-T225)", "fullDescription": "Встроенная память используется для хранения приложений (программ) и информации.Часть системной памяти, от которой зависят скорость выполнения всех операций и быстродействие девайса в целом.Влияет на производительность процессора и возможность одновременной обработки нескольких потоков данных.Тактовая частота процессора – количество тактов (операций), которые процессор может совершить за единицу времени. Чем больше тактовая частота, тем выше быстродействие процессора. Это один из важных параметров, влияющих на производительность.", "freeDelivery": false, "limited": false, "banner": true, "available": true, "brand": 5, "seller": 14, "attributes": {"Размер экрана": "8.7", "Разрешение экрана": "1340x800", "Объем встроенной памяти": "32 ГБ"}, "tags": ["planshet", "samsung"]}}, {"model": "product.product", "pk": 16, "fields": {"category": 19, "price": "14999.00", "count": 50, "date": "2023-08-05T11:20:40.910Z", "title": "Планшет HUAWEI MatePad SE (AGS5-L09) 3/32Gb LTE Black", "fullDescription": "Встроенная память используется для хранения приложений (программ) и информации.Часть системной памяти, от которой зависят скорость выполнения всех операций и быстродействие девайса в целом.Влияет на производительность процессора и возможность одновременной обработки нескольких потоков данных.Тактовая частота процессора – количество тактов (операций), которые процессор может совершить за единицу времени. Чем больше тактовая частота, тем выше быстродействие процессора. Это один из важных параметров, влияющих на производительность.", "freeDelivery": false, "limited": false, "banner": true, "available": true, "brand": 2, "seller": 10, "attributes": {"Размер экрана": "10.36", "Разрешение экрана": "1200x2000", "Объем встроенной памяти": "32 ГБ"}, "tags": ["huawei", "planshet"]}}, {"model": "product.product", "pk": 17, "fields": {"category": 19, "price": "17999.00", "count": 50, "date": "2023-08-05T11:20:41.139Z", "title": "Планшет HUAWEI MatePad SE (AGS5-W09) 4/128Gb WiFi Black", "fullDescription": "Встроенная память используется для хранения приложений (программ) и информации.Часть системной памяти, от которой зависят скорость выполнения всех операций и быстродействие девайса в целом.Влияет на производительность процессора и возможность одновременной обработки нескольких потоков данных.Тактовая частота процессора – количество тактов (операций), которые процессор может совершить за единицу времени. Чем больше тактовая частота, тем выше быстродействие процессора. Это один из важных параметров, влияющих на производительность.", "freeDelivery": false, "limited": false, "banner": true, "available": true, "brand": 2, "seller": 1, "attributes": {"Размер экрана": "10.36", "Разрешение экрана": "1200x2000", "Объем встроенной памяти": "128 ГБ"}, "tags": ["huawei", "planshet"]}}, {"model": "product.product", "pk": 18, "fields": {"category": 19, "price": "16999.00", "count": 50, "date": "2023-08-05T11:20:41.349Z", "title": "Планшет Honor Pad X8 4/64GB LTE Blue (AGM3-AL09DHN)", "fullDescription": "Встроенная память используется для хранения приложений (программ) и информации.Часть системной памяти, от которой зависят скорость выполнения всех операций и быстродействие девайса в целом.Влияет на производительность процессора и возможность одновременной обработки нескольких потоков данных.Тактовая частота процессора – количество тактов (операций), которые процессор может совершить за единицу времени. Чем больше тактовая частота, тем выше быстродействие процессора. Это один из важных параметров, влияющих на производительность.", "freeDelivery": false, "limited": false, "banner": true, "available": true, "brand": 1, "seller": 20, "attributes": {"Размер экрана": "10.1", "Разрешение экрана": "1200x1920", "Объем встроенной памяти": "64 ГБ"}, "tags": ["honor", "planshet"]}}, {"model": "product.product", "pk": 19, "fields": {"category": 19, "price": "10999.00", "count": 50, "date": "2023-08-05T11:20:41.622Z", "title": "Планшет Lenovo Tab M10 10.1 2/16Gb LTE Black", "fullDescription": "Встроенная память используется для хранения приложений (программ) и информации.Часть системной памяти, от которой зависят скорость выполнения всех операций и быстродействие девайса в целом.Влияет на производительность процессора и возможность одновременной обработки нескольких потоков данных.Тактовая частота процессора – количество тактов (операций), которые процессор может совершить за единицу времени. Чем больше тактовая частота, тем выше быстродействие процессора. Это один из важных параметров, влияющих на производительность.", "freeDelivery": false, "limited": false, "banner": true, "available": true, "brand": 6, "seller": 15, "attributes": {"Размер экрана": "10.1", "Разрешение экрана": "1280x800", "Объем встроенной памяти": "16 ГБ"}, "tags": ["lenovo", "planshet"]}}, {"model": "product.product", "pk": 20, "fields": {"category": 19, "price": "76999.00", "count": 50, "date": "2023-08-05T11:20:41.835Z", "title": "Планшет Samsung Galaxy Tab S8 5G 128GB Graphite (SM-X706)", "fullDescription": "Встроенная память используется для хранения приложений (программ) и информации.Часть системной памяти, от которой зависят скорость выполнения всех операций и быстродействие девайса в целом.Влияет на производительность процессора и возможность одновременной обработки нескольких потоков данных.Тактовая частота процессора – количество тактов (операций), которые процессор может совершить за единицу времени. Чем больше тактовая частота, тем выше быстродействие процессора. Это один из важных параметров, влияющих на производительность.", "freeDelivery": false, "limited": false, "banner": true, "available": true, "brand": 5, "seller": 1, "attributes": {"Размер экрана": "11", "Разрешение экрана": "2560x1600", "Объем встроенной памяти": "128 ГБ"}, "tags": ["planshet", "samsung"]}}, {"model": "product.product", "pk": 21, "fields": {"category": 19, "price": "10999.00", "count": 50, "date": "2023-08-05T11:20:42.060Z", "title": "Планшет Lenovo Tab M10 10.1 2/16Gb LTE Polar White", "fullDescription": "Встроенная память используется для хранения приложений (программ) и информации.Часть системной памяти, от которой зависят скорость выполнения всех операций и быстродействие девайса в целом.Влияет на производительность процессора и возможность одновременной обработки нескольких потоков данных.Тактовая частота процессора – количество тактов (операций), которые процессор может совершить за единицу времени. Чем больше тактовая частота, тем выше быстродействие процессора. Это один из важных параметров, влияющих на производительность.", "freeDelivery": false, "limited": false, "banner": false, "available": true, "brand": 6, "seller": 16, "attributes": {"Размер экрана": "10.1", "Разрешение экрана": "1280x800", "Объем встроенной памяти": "16 ГБ"}, "tags": ["lenovo", "planshet"]}}, {"model": "product.product", "pk": 22, "fields": {"category": 19, "price": "7999.00", "count": 50, "date": "2023-08-05T11:20:42.318Z", "title": "Планшет TCL TAB 10L 8491X Black", "fullDescription": "Встроенная память используется для хранения приложений (программ) и информации.Часть системной памяти, от которой зависят скорость выполнения всех операций и быстродействие девайса в целом.Влияет на производительность процессора и возможность одновременной обработки нескольких потоков данных.Тактовая частота процессора – количество тактов (операций), которые процессор может совершить за единицу времени. Чем больше тактовая частота, тем выше быстродействие процессора. Это один из важных параметров, влияющих на производительность.", "freeDelivery": false, "limited": false, "banner": true, "available": true, "brand": 7, "seller": 3, "attributes": {"Размер экрана": "10.1", "Разрешение экрана": "1200x800", "Объем встроенной памяти": "32 ГБ"}, "tags": ["planshet", "tcl"]}}, {"model": "product.product", "pk": 23, "fields": {"category": 19, "price": "20999.00", "count": 50, "date": "2023-08-05T11:20:42.539Z", "title": "Планшет Xiaomi Redmi Pad 4/128GB Moonlight Silver", "fullDescription": "Встроенная память используется для хранения приложений (программ) и информации.Часть системной памяти, от которой зависят скорость выполнения всех операций и быстродействие девайса в целом.Влияет на производительность процессора и возможность одновременной обработки нескольких потоков данных.Тактовая частота процессора – количество тактов (операций), которые процессор может совершить за единицу времени. Чем больше тактовая частота, тем выше быстродействие процессора. Это один из важных параметров, влияющих на производительность.", "freeDelivery": false, "limited": false, "banner": false, "available": true, "brand": 8, "seller": 16, "attributes": {"Размер экрана": "10.61", "Разрешение экрана": "1200x2000", "Объем встроенной памяти": "128 ГБ"}, "tags": ["planshet", "xiaomi"]}}, {"model": "product.product", "pk": 24, "fields": {"category": 19, "price": "10999.00", "count": 50, "date": "2023-08-05T11:20:42.752Z", "title": "Планшет HUAWEI MatePad T8 3+32GB Wi-Fi Blue (KOB2-W09)", "fullDescription": "Встроенная память используется для хранения приложений (программ) и информации.Часть системной памяти, от которой зависят скорость выполнения всех операций и быстродействие девайса в целом.Влияет на производительность процессора и возможность одновременной обработки нескольких потоков данных.Тактовая частота процессора – количество тактов (операций), которые процессор может совершить за единицу времени. Чем больше тактовая частота, тем выше быстродействие процессора. Это один из важных параметров, влияющих на производительность.", "freeDelivery": false, "limited": false, "banner": true, "available": true, "brand": 2, "seller": 17, "attributes": {"Размер экрана": "8", "Разрешение экрана": "800x1280", "Объем встроенной памяти": "32 ГБ"}, "tags": ["huawei", "planshet"]}}, {"model": "product.productimage", "pk": 1, "fields": {"image": "product_images/2023/08/05/ff630413-2402-48a3-8dea-df6da1ddd5a6.jpg", "product": 1}}, {"model": "product.productimage", "pk": 2, "fields": {"image": "product_images/2023/08/05/96389128-40b3-42e1-ab5d-c6a18b0d302a.jpg", "product": 2}}, {"model": "product.productimage", "pk": 3, "fields": {"image": "product_images/2023/08/05/6059fadb-db5c-49b6-ab04-b1abf034acae.jpg", "product": 3}}, {"model": "product.productimage", "pk": 4, "fields": {"image": "product_images/2023/08/05/a7a3401a-fb16-4d30-973d-34b18c296e59.jpg", "product": 4}}, {"model": "product.productimage", "pk": 5, "fields": {"image": "product_images/2023/08/05/d4114747-7b3c-4ac5-a60e-d82ac3a76dc4.jpg", "product": 5}}, {"model": "product.productimage", "pk": 6, "fields": {"image": "product_images/2023/08/05/3997c23f-622d-45cd-8800-b3debde93078.jpg", "product": 6}}, {"model": "product.productimage", "pk": 7, "fields": {"image": "product_images/2023/08/05/824bca12-b98e-4801-bcc5-3fdb0e5f460a.jpg", "product": 7}}, {"model": "product.productimage", "pk": 8, "fields": {"image": "product_images/2023/08/05/a87387e9-4c1c-4f82-a98b-d22ce920ea6a.jpg", "product": 8}}, {"model": "product.productimage", "pk": 9, "fields": {"image": "product_images/2023/08/05/de31ca27-3da1-4561-9d51-7709ff5cce18.jpg", "product": 9}}, {"model": "product.productimage", "pk": 10, "fields": {"image": "product_images/2023/08/05/e03e4c88-814e-4f29-bc60-bea6644a57fa.jpg", "product": 10}}, {"model": "product.productimage", "pk": 11, "fields": {"image": "product_images/2023/08/05/737b0c86-f1b4-47a9-953e-6d0c3e6bb1d9.jpg", "product": 11}}, {"model": "product.productimage", "pk": 12, "fields": {"image": "product_images/2023/08/05/02ddf773-e10b-4b3b-974e-c6c7274ea51e.jpg", "product": 12}}, {"model": "product.productimage", "pk": 13, "fields": {"image": "product_images/2023/08/05/1daccd7f-8a48-449e-bf84-e26438dd43a6.jpg", "product": 13}}, {"model": "product.productimage", "pk": 14, "fields": {"image": "product_images/2023/08/05/f25118e3-ea13-4cb5-ad4a-01daae4c55e0.jpg", "product": 14}}, {"model": "product.productimage", "pk": 15, "fields": {"image": "product_images/2023/08/05/e1d53e2a-aea3-4a41-82fe-78144021a790.jpg", "product": 15}}, {"model": "product.productimage", "pk": 16, "fields": {"image": "product_images/2023/08/05/b9a518d4-bf95-4851-8140-61f1d88df64b.jpg", "product": 16}}, {"model": "product.productimage", "pk": 17, "fields": {"image": "product_images/2023/08/05/b391af35-f1a3-460e-9c14-a25bb0868844.jpg", "product": 17}}, {"model": "product.productimage", "pk": 18, "fields": {"image": "product_images/2023/08/05/acd45543-b1b0-4297-be7f-6c42a7744d1e.jpg", "product": 18}}, {"model": "product.productimage", "pk": 19, "fields": {"image": "product_images/2023/08/05/981ae9c8-ed37-48f1-a0eb-3d7a158e265b.jpg", "product": 19}}, {"model": "product.productimage", "pk": 20, "fields": {"image": "product_images/2023/08/05/53df77fe-e663-4c9c-b729-f6391cb184f9.jpg", "product": 20}}, {"model": "product.productimage", "pk": 21, "fields": {"image": "product_images/2023/08/05/3f12159c-1bcc-487c-871b-9091127e1e7a.jpg", "product": 21}}, {"model": "product.productimage", "pk": 22, "fields": {"image": "product_images/2023/08/05/0b3f15c9-b0ac-4d65-8b15-18a662a49089.jpg", "product": 22}}, {"model": "product.productimage", "pk": 23, "fields": {"image": "product_images/2023/08/05/8edc39bc-03ac-4b88-91b1-4367e63c9712.jpg", "product": 23}}, {"model": "product.productimage", "pk": 24, "fields": {"image": "product_images/2023/08/05/92467415-1964-43af-804f-016c0c92f7e1.jpg", "product": 24}}, {"model": "product.review", "pk": 1, "fields": {"rate": 3, "author": "Ким Гермогенов", "email": "jackets1851@gmail.com", "text": "Java — строго типизированный объектно-ориентированный язык программирования, разработанный компанией Sun Microsystems. Парадигма программирования — это совокупность идей и понятий, определяющих стиль написания компьютерных программ. Erlang — функциональный язык программирования с сильной динамической типизацией, предназначенный для создания распределённых вычислительных систем. Язык включает в себя средства порождения параллельных легковесных процессов и их взаимодействия через обмен асинхронными сообщениями в соответствии с моделью акторов. Erlang — функциональный язык программирования с сильной динамической типизацией, предназначенный для создания распределённых вычислительных систем.", "date": "2023-08-05T11:20:36.147Z", "product": 1}}, {"model": "product.review", "pk": 2, "fields": {"rate": 3, "author": "Ангелина Захарьина", "email": "was2037@duck.com", "text": "Это способ концептуализации, определяющий организацию вычислений и структурирование работы, выполняемой компьютером. Java — строго типизированный объектно-ориентированный язык программирования, разработанный компанией Sun Microsystems. Отличительная черта языка — серьёзное отношение к типизации. Python — высокоуровневый язык программирования общего назначения, ориентированный на повышение производительности разработчика и читаемости кода. Erlang был целенаправленно разработан для применения в распределённых, отказоустойчивых, параллельных системах реального времени, для которых кроме средств самого языка имеется стандартная библиотека модулей и библиотека шаблонных решений (так называемых поведений) — фреймворк OTP.", "date": "2023-08-05T11:20:36.620Z", "product": 2}}, {"model": "product.review", "pk": 3, "fields": {"rate": 4, "author": "Аникита Абрамова", "email": "fat1921@duck.com", "text": "Разработан и поддерживается компанией Ericsson. Erlang — функциональный язык программирования с сильной динамической типизацией, предназначенный для создания распределённых вычислительных систем. Популярность Erlang начала расти в связи с расширением его области применения (телекоммуникационные системы) на высоконагруженные параллельные распределённые системы, обслуживающие миллионы пользователей WWW, такие как чаты, системы управления содержимым, веб-серверы и распределённые, требующие масштабирования базы данных. REPL — форма организации простой интерактивной среды программирования в рамках средств интерфейса командной строки. Erlang применяется в нескольких NoSQL-базах данных высокой доступности.", "date": "2023-08-05T11:20:37.829Z", "product": 3}}, {"model": "product.review", "pk": 4, "fields": {"rate": 2, "author": "Ирма Астапов", "email": "down2047@yandex.com", "text": "Парадигма программирования — это совокупность идей и понятий, определяющих стиль написания компьютерных программ. Полнотиповое программирование может поддерживаться на уровне системы типов языка или вводиться программистом идиоматически. Это способ концептуализации, определяющий организацию вычислений и структурирование работы, выполняемой компьютером. Erlang является декларативным языком программирования, который скорее используется для описания того, что должно быть вычислено нежели как. Java — строго типизированный объектно-ориентированный язык программирования, разработанный компанией Sun Microsystems.", "date": "2023-08-05T11:20:38.320Z", "product": 4}}, {"model": "product.review", "pk": 5, "fields": {"rate": 4, "author": "Артемий Зотеева", "email": "guard2088@gmail.com", "text": "Это способ концептуализации, определяющий организацию вычислений и структурирование работы, выполняемой компьютером. Популярность Erlang начала расти в связи с расширением его области применения (телекоммуникационные системы) на высоконагруженные параллельные распределённые системы, обслуживающие миллионы пользователей WWW, такие как чаты, системы управления содержимым, веб-серверы и распределённые, требующие масштабирования базы данных. Полнотиповое программирование — стиль программирования, отличающийся обширным использованием информации о типах с тем, чтобы механизм проверки согласования типов обеспечил раннее выявление максимального количества всевозможных разновидностей багов. Является одним из самых распространённых языков программирования с поддержкой отложенных вычислений. Python — высокоуровневый язык программирования общего назначения, ориентированный на повышение производительности разработчика и читаемости кода.", "date": "2023-08-05T11:20:38.562Z", "product": 5}}, {"model": "product.review", "pk": 6, "fields": {"rate": 1, "author": "Евдоким Шашкова", "email": "cop1866@yahoo.com", "text": "Язык включает в себя средства порождения параллельных легковесных процессов и их взаимодействия через обмен асинхронными сообщениями в соответствии с моделью акторов. Сопоставление с образцом распространено даже на битовые строки, что упрощает реализацию телекоммуникационных протоколов. Python поддерживает несколько парадигм программирования, в том числе структурное, объектно-ориентированное, функциональное, императивное и аспектно-ориентированное. Python поддерживает несколько парадигм программирования, в том числе структурное, объектно-ориентированное, функциональное, императивное и аспектно-ориентированное. В наш век информации слишком много, чтобы понять кто прав, а кто лукавит.", "date": "2023-08-05T11:20:38.776Z", "product": 6}}, {"model": "product.review", "pk": 7, "fields": {"rate": 2, "author": "Симона Олейников", "email": "docs2000@live.com", "text": "В наш век информации слишком много, чтобы понять кто прав, а кто лукавит. Приложения Java обычно транслируются в специальный байт-код, поэтому они могут работать на любой компьютерной архитектуре, с помощью виртуальной Java-машины. Haskell — стандартизированный чистый функциональный язык программирования общего назначения. Erlang был целенаправленно разработан для применения в распределённых, отказоустойчивых, параллельных системах реального времени, для которых кроме средств самого языка имеется стандартная библиотека модулей и библиотека шаблонных решений (так называемых поведений) — фреймворк OTP. Java — строго типизированный объектно-ориентированный язык программирования, разработанный компанией Sun Microsystems.", "date": "2023-08-05T11:20:38.974Z", "product": 7}}, {"model": "product.review", "pk": 8, "fields": {"rate": 5, "author": "Платон Юппи", "email": "provisions1910@duck.com", "text": "Сопоставление с образцом распространено даже на битовые строки, что упрощает реализацию телекоммуникационных протоколов. Парадигма программирования — это совокупность идей и понятий, определяющих стиль написания компьютерных программ. Синтаксис ядра Python минималистичен. Свой синтаксис и некоторые концепции Erlang унаследовал от языка логического программирования Пролог. Парадигма программирования — это совокупность идей и понятий, определяющих стиль написания компьютерных программ.", "date": "2023-08-05T11:20:39.194Z", "product": 8}}, {"model": "product.review", "pk": 9, "fields": {"rate": 3, "author": "Евграф Гостева", "email": "suits2025@protonmail.com", "text": "Сопоставление с образцом распространено даже на битовые строки, что упрощает реализацию телекоммуникационных протоколов. Является одним из самых распространённых языков программирования с поддержкой отложенных вычислений. Python поддерживает несколько парадигм программирования, в том числе структурное, объектно-ориентированное, функциональное, императивное и аспектно-ориентированное. Erlang был целенаправленно разработан для применения в распределённых, отказоустойчивых, параллельных системах реального времени, для которых кроме средств самого языка имеется стандартная библиотека модулей и библиотека шаблонных решений (так называемых поведений) — фреймворк OTP. Приложения Java обычно транслируются в специальный байт-код, поэтому они могут работать на любой компьютерной архитектуре, с помощью виртуальной Java-машины.", "date": "2023-08-05T11:20:39.407Z", "product": 9}}, {"model": "product.review", "pk": 10, "fields": {"rate": 2, "author": "Мирон Данихнов", "email": "sofa2045@example.com", "text": "В то же время стандартная библиотека включает большой объём полезных функций. Сопоставление с образцом распространено даже на битовые строки, что упрощает реализацию телекоммуникационных протоколов. Haskell — стандартизированный чистый функциональный язык программирования общего назначения. Является одним из самых распространённых языков программирования с поддержкой отложенных вычислений. Парадигма программирования — это совокупность идей и понятий, определяющих стиль написания компьютерных программ.", "date": "2023-08-05T11:20:39.632Z", "product": 10}}, {"model": "product.review", "pk": 11, "fields": {"rate": 1, "author": "Дмитрий Идова", "email": "identifies1831@live.com", "text": "В наш век информации слишком много, чтобы понять кто прав, а кто лукавит. Java — строго типизированный объектно-ориентированный язык программирования, разработанный компанией Sun Microsystems. Синтаксис ядра Python минималистичен. Haskell — стандартизированный чистый функциональный язык программирования общего назначения. Java — строго типизированный объектно-ориентированный язык программирования, разработанный компанией Sun Microsystems.", "date": "2023-08-05T11:20:39.897Z", "product": 11}}, {"model": "product.review", "pk": 12, "fields": {"rate": 3, "author": "Сельма Лимонов", "email": "are1904@example.org", "text": "Синтаксис ядра Python минималистичен. REPL — форма организации простой интерактивной среды программирования в рамках средств интерфейса командной строки. Это способ концептуализации, определяющий организацию вычислений и структурирование работы, выполняемой компьютером. Python поддерживает несколько парадигм программирования, в том числе структурное, объектно-ориентированное, функциональное, императивное и аспектно-ориентированное. Парадигма программирования — это совокупность идей и понятий, определяющих стиль написания компьютерных программ.", "date": "2023-08-05T11:20:40.112Z", "product": 12}}, {"model": "product.review", "pk": 13, "fields": {"rate": 5, "author": "Юрий Кулагина", "email": "posing2058@yahoo.com", "text": "Erlang применяется в нескольких NoSQL-базах данных высокой доступности. Популярность Erlang начала расти в связи с расширением его области применения (телекоммуникационные системы) на высоконагруженные параллельные распределённые системы, обслуживающие миллионы пользователей WWW, такие как чаты, системы управления содержимым, веб-серверы и распределённые, требующие масштабирования базы данных. Парадигма программирования — это совокупность идей и понятий, определяющих стиль написания компьютерных программ. Например, определение функции, которое использует сопоставление с образцом, для выбора одного из вариантов вычисления или извлечения элемента данных из составной структуры, напоминает уравнение. Erlang был целенаправленно разработан для применения в распределённых, отказоустойчивых, параллельных системах реального времени, для которых кроме средств самого языка имеется стандартная библиотека модулей и библиотека шаблонных решений (так называемых поведений) — фреймворк OTP.", "date": "2023-08-05T11:20:40.293Z", "product": 13}}, {"model": "product.review", "pk": 14, "fields": {"rate": 5, "author": "Беатрис Паушкин", "email": "bottle2088@protonmail.com", "text": "Синтаксис ядра Python минималистичен. Популярность Erlang начала расти в связи с расширением его области применения (телекоммуникационные системы) на высоконагруженные параллельные распределённые системы, обслуживающие миллионы пользователей WWW, такие как чаты, системы управления содержимым, веб-серверы и распределённые, требующие масштабирования базы данных. Erlang был целенаправленно разработан для применения в распределённых, отказоустойчивых, параллельных системах реального времени, для которых кроме средств самого языка имеется стандартная библиотека модулей и библиотека шаблонных решений (так называемых поведений) — фреймворк OTP. Популярность Erlang начала расти в связи с расширением его области применения (телекоммуникационные системы) на высоконагруженные параллельные распределённые системы, обслуживающие миллионы пользователей WWW, такие как чаты, системы управления содержимым, веб-серверы и распределённые, требующие масштабирования базы данных. Приложения Java обычно транслируются в специальный байт-код, поэтому они могут работать на любой компьютерной архитектуре, с помощью виртуальной Java-машины.", "date": "2023-08-05T11:20:40.498Z", "product": 14}}, {"model": "product.review", "pk": 15, "fields": {"rate": 3, "author": "Матвей Пестова", "email": "robust1862@example.org", "text": "Erlang был целенаправленно разработан для применения в распределённых, отказоустойчивых, параллельных системах реального времени, для которых кроме средств самого языка имеется стандартная библиотека модулей и библиотека шаблонных решений (так называемых поведений) — фреймворк OTP. В то же время стандартная библиотека включает большой объём полезных функций. В наш век информации слишком много, чтобы понять кто прав, а кто лукавит. Разработан и поддерживается компанией Ericsson. Erlang применяется в нескольких NoSQL-базах данных высокой доступности.", "date": "2023-08-05T11:20:40.674Z", "product": 15}}, {"model": "product.review", "pk": 16, "fields": {"rate": 5, "author": "Демид Гляделкина", "email": "facts2003@live.com", "text": "Язык включает в себя средства порождения параллельных легковесных процессов и их взаимодействия через обмен асинхронными сообщениями в соответствии с моделью акторов. Свой синтаксис и некоторые концепции Erlang унаследовал от языка логического программирования Пролог. Полнотиповое программирование может поддерживаться на уровне системы типов языка или вводиться программистом идиоматически. Разработан и поддерживается компанией Ericsson. Разработан и поддерживается компанией Ericsson.", "date": "2023-08-05T11:20:40.929Z", "product": 16}}, {"model": "product.review", "pk": 17, "fields": {"rate": 1, "author": "Русалина Сахарнов", "email": "safari1948@duck.com", "text": "Синтаксис ядра Python минималистичен. Erlang был целенаправленно разработан для применения в распределённых, отказоустойчивых, параллельных системах реального времени, для которых кроме средств самого языка имеется стандартная библиотека модулей и библиотека шаблонных решений (так называемых поведений) — фреймворк OTP. В наш век информации слишком много, чтобы понять кто прав, а кто лукавит. Отличительная черта языка — серьёзное отношение к типизации. В наш век информации слишком много, чтобы понять кто прав, а кто лукавит.", "date": "2023-08-05T11:20:41.157Z", "product": 17}}, {"model": "product.review", "pk": 18, "fields": {"rate": 1, "author": "Аристарх Изосимов", "email": "lease1892@outlook.com", "text": "Является одним из самых распространённых языков программирования с поддержкой отложенных вычислений. Является одним из самых распространённых языков программирования с поддержкой отложенных вычислений. Сопоставление с образцом распространено даже на битовые строки, что упрощает реализацию телекоммуникационных протоколов. Сопоставление с образцом распространено даже на битовые строки, что упрощает реализацию телекоммуникационных протоколов. Синтаксис ядра Python минималистичен.", "date": "2023-08-05T11:20:41.368Z", "product": 18}}, {"model": "product.review", "pk": 19, "fields": {"rate": 3, "author": "Залина Федотов", "email": "fit2099@example.org", "text": "Python — высокоуровневый язык программирования общего назначения, ориентированный на повышение производительности разработчика и читаемости кода. Парадигма программирования — это совокупность идей и понятий, определяющих стиль написания компьютерных программ. Отличительная черта языка — серьёзное отношение к типизации. Парадигма программирования — это совокупность идей и понятий, определяющих стиль написания компьютерных программ. Java — строго типизированный объектно-ориентированный язык программирования, разработанный компанией Sun Microsystems.", "date": "2023-08-05T11:20:41.631Z", "product": 19}}, {"model": "product.review", "pk": 20, "fields": {"rate": 5, "author": "Наталья Виноградов", "email": "wrapped1955@example.org", "text": "Полнотиповое программирование может поддерживаться на уровне системы типов языка или вводиться программистом идиоматически. Полнотиповое программирование — стиль программирования, отличающийся обширным использованием информации о типах с тем, чтобы механизм проверки согласования типов обеспечил раннее выявление максимального количества всевозможных разновидностей багов. Erlang применяется в нескольких NoSQL-базах данных высокой доступности. Сопоставление с образцом распространено даже на битовые строки, что упрощает реализацию телекоммуникационных протоколов. Полнотиповое программирование — стиль программирования, отличающийся обширным использованием информации о типах с тем, чтобы механизм проверки согласования типов обеспечил раннее выявление максимального количества всевозможных разновидностей багов.", "date": "2023-08-05T11:20:41.853Z", "product": 20}}, {"model": "product.review", "pk": 21, "fields": {"rate": 3, "author": "Полина Агеев", "email": "subscriber2004@yandex.com", "text": "Синтаксис ядра Python минималистичен. Erlang применяется в нескольких NoSQL-базах данных высокой доступности. В наш век информации слишком много, чтобы понять кто прав, а кто лукавит. В наш век информации слишком много, чтобы понять кто прав, а кто лукавит. Java — строго типизированный объектно-ориентированный язык программирования, разработанный компанией Sun Microsystems.", "date": "2023-08-05T11:20:42.066Z", "product": 21}}, {"model": "product.review", "pk": 22, "fields": {"rate": 4, "author": "Мина Кирикова", "email": "you1944@example.com", "text": "Синтаксис ядра Python минималистичен. Разработан и поддерживается компанией Ericsson. Приложения Java обычно транслируются в специальный байт-код, поэтому они могут работать на любой компьютерной архитектуре, с помощью виртуальной Java-машины. Синтаксис ядра Python минималистичен. Erlang является декларативным языком программирования, который скорее используется для описания того, что должно быть вычислено нежели как.", "date": "2023-08-05T11:20:42.327Z", "product": 22}}, {"model": "product.review", "pk": 23, "fields": {"rate": 4, "author": "Руслан Герасимов", "email": "measurement2070@live.com", "text": "Erlang является декларативным языком программирования, который скорее используется для описания того, что должно быть вычислено нежели как. Haskell — стандартизированный чистый функциональный язык программирования общего назначения. Haskell — стандартизированный чистый функциональный язык программирования общего назначения. REPL — форма организации простой интерактивной среды программирования в рамках средств интерфейса командной строки. Популярность Erlang начала расти в связи с расширением его области применения (телекоммуникационные системы) на высоконагруженные параллельные распределённые системы, обслуживающие миллионы пользователей WWW, такие как чаты, системы управления содержимым, веб-серверы и распределённые, требующие масштабирования базы данных.", "date": "2023-08-05T11:20:42.547Z", "product": 23}}, {"model": "product.review", "pk": 24, "fields": {"rate": 5, "author": "Поликарп Дёготь", "email": "sought1818@example.com", "text": "В наш век информации слишком много, чтобы понять кто прав, а кто лукавит. Это способ концептуализации, определяющий организацию вычислений и структурирование работы, выполняемой компьютером. Разработан и поддерживается компанией Ericsson. Сопоставление с образцом распространено даже на битовые строки, что упрощает реализацию телекоммуникационных протоколов. Например, определение функции, которое использует сопоставление с образцом, для выбора одного из вариантов вычисления или извлечения элемента данных из составной структуры, напоминает уравнение.", "date": "2023-08-05T11:20:42.770Z", "product": 24}}, {"model": "product.manufacturer", "pk": 1, "fields": {"name": "Honor"}}, {"model": "product.manufacturer", "pk": 2, "fields": {"name": "HUAWEI"}}, {"model": "product.manufacturer", "pk": 3, "fields": {"name": "Apple"}}, {"model": "product.manufacturer", "pk": 4, "fields": {"name": "realme"}}, {"model": "product.manufacturer", "pk": 5, "fields": {"name": "Samsung"}}, {"model": "product.manufacturer", "pk": 6, "fields": {"name": "Lenovo"}}, {"model": "product.manufacturer", "pk": 7, "fields": {"name": "TCL"}}, {"model": "product.manufacturer", "pk": 8, "fields": {"name": "Xiaomi"}}, {"model": "product.seller", "pk": 1, "fields": {"name": "Сеть супермаркетов «Билла»", "city": "Иваново", "address": "Аллея Верземнека 473"}}, {"model": "product.seller", "pk": 2, "fields": {"name": "Sport Shop Sabanikh", "city": "Шелехов", "address": "ул. Новоданиловская 872"}}, {"model": "product.seller", "pk": 3, "fields": {"name": "«Лента»", "city": "Алейск", "address": "Аллея Братьев Фонченко 981"}}, {"model": "product.seller", "pk": 4, "fields": {"name": "МегаФон", "city": "Устюжна", "address": "ул. Машиностроения 1-я 785"}}, {"model": "product.seller", "pk": 5, "fields": {"name": "Major", "city": "Невьянск", "address": "Аллея Коровинская 30"}}, {"model": "product.seller", "pk": 6, "fields": {"name": "Аэрофьюэлз групп", "city": "Грайворон", "address": "ул. Красной Сосны 13-я 953"}}, {"model": "product.seller", "pk": 7, "fields": {"name": "«Роберт Бош»", "city": "Судогда", "address": "ул. Новоясеневская 408"}}, {"model": "product.seller", "pk": 8, "fields": {"name": "СТД «Петрович»", "city": "Тотьма", "address": "ул. Берингов Н. 424"}}, {"model": "product.seller", "pk": 9, "fields": {"name": "Беталинк", "city": "Йошкар-Ола", "address": "Аллея Кучин 685"}}, {"model": "product.seller", "pk": 10, "fields": {"name": "ГК ПИК", "city": "Урус-Мартан", "address": "ул. Новокузнецкая 933"}}, {"model": "product.seller", "pk": 11, "fields": {"name": "Конструктивное бюро", "city": "Вельск", "address": "ул. Мерзляковская 388"}}, {"model": "product.seller", "pk": 12, "fields": {"name": "Уральский банк реконструкции и развития", "city": "Апшеронск", "address": "ул. Овражная 1193"}}, {"model": "product.seller", "pk": 13, "fields": {"name": "Буровая компания «Евразия»", "city": "Гурьевск", "address": "ул. Бутовская 1291"}}, {"model": "product.seller", "pk": 14, "fields": {"name": "«Атомэнергомаш»", "city": "Усть-Илимск", "address": "Аллея Бахрушина 690"}}, {"model": "product.seller", "pk": 15, "fields": {"name": "Авиакомпания «Трансаэро»", "city": "Салаир", "address": "ул. Микульская 301"}}, {"model": "product.seller", "pk": 16, "fields": {"name": "Телебалт", "city": "Верхний Уфалей", "address": "Аллея Андроньевская 340"}}, {"model": "product.seller", "pk": 17, "fields": {"name": "«Велесстрой»", "city": "Котельнич", "address": "ул. Врачебная 321"}}, {"model": "product.seller", "pk": 18, "fields": {"name": "«Новосибирскэнергосбыт»", "city": "Юрьевец", "address": "Аллея Заводская 680"}}, {"model": "product.seller", "pk": 19, "fields": {"name": "«Атомстройэкспорт»", "city": "Перевоз", "address": "ул. Гнездниковский Б. 1073"}}, {"model": "product.seller", "pk": 20, "fields": {"name": "Формоза", "city": "Чита", "address": "Аллея Никольско-Архангельская 411"}}, {"model": "product.specification", "pk": 1, "fields": {"attributes": {"Цвет": ["черный", "белый", "золотой", "серебристый", "синий", "стальной", "серый космос", "другие цвета"], "Процессор": ["Intel", "Mediatek", "Qualcomm"], "Размер экрана": ["6.95", "7", "7.9", "8", "8.3", "8.7", "9.7", "10.1", "10.2", "10.3", "10.36", "10.4", "10.5", "10.51", "10.6", "10.61", "10.9", "10.95", "11", "11.5", "11.6", "11.97", "12.4", "12.6", "12.9", "13", "13.3", "14.6"], "Сотовая связь": ["3G", "4G", "5G"], "Материал корпуса": ["алюминий", "алюминий/пластик", "металл", "металл/пластик", "пластик"], "Разрешение экрана": ["1024x600", "1200x800", "1280x800", "1340x800", "1366x768", "1920x1080", "1920x1200", "1920x1280", "2000x1200", "2048x1536", "2160x1350", "2160x1440", "2160x1620", "2266x1488", "2360x1640", "2388x1668", "2560x1600", "2732x2048", "2960x1848"], "Беспроводная связь": ["Wi-Fi", "Bluetooth"], "Операционная система": ["iOS", "Android", "Windows", "macOS"], "Объем встроенной памяти": ["2 ГБ", "8 ГБ", "16 ГБ", "32 ГБ", "64 ГБ", "128 ГБ", "256 ГБ", "512 ГБ", "2 ТБ"], "Объем оперативной памяти": ["1 ГБ", "1.5 ГБ", "2 ГБ", "3 ГБ", "4 ГБ", "6 ГБ", "8 ГБ", "10", "12 ГБ", "16 ГБ", "32 ГБ", "64 ГБ", "128 ГБ", "256 ГБ", "512 ГБ"]}, "category": 19}}]